,user_id,username,name
0,1028020939697651715,greasestalns,#SWIFTIE
1,1271777358551318531,ladygaga_chart,lady gaga charts
2,2782189422,tsworid,Taylor Swift World
3,1397790401528877061,zenith_malhotra,Zenith loves Deepanshi ğŸ§£
4,1381221105462034432,chartdata_ts,Taylor Swift Data
5,1287083440752517121,steve03686723,Steve
6,1335660521207566338,verstappenim,Â°
7,315158621,wonnnwoo,ğ–§·
8,1164366218544988160,aidan7501,aidan
9,1465533777371824134,chrisbejt,Jace
10,1411343263315996672,phoemars,nat
11,1461153323470499846,sabrinocao,samanta ğŸŒ¸
12,884119978663968768,77eph,WeezyğŸ¥·ğŸ¾
13,1056311749039800320,elayegitt,ela
14,1508255696348925952,ammartioa,Ammar
15,744260935527735296,chartdata,chart data
16,1502746450471575557,ramenmedla,ramen media
17,1340507784744493056,mundoswiftt,Mundo Swift ğŸŒ
18,2864344606,riseatalantelau,sÄ±lÃ£mingo
19,959485676357120000,isitromantic,dario
20,1475907220256735239,newsposty,Post Malone News
21,785848003361996801,dailytsbridges,daily taylor swift bridges
22,834478520990568449,tobymoreno17,Toby Moreno
23,1268880206866997249,4pawats,lili
24,1511532326089596936,ttaybrina,maeve
25,1323264312685826049,tisthedamnphd,sonya ğŸ§£
26,1410047691388825605,whiteyy18lover,whiteyy18loverğŸ’™
27,1507073142786826245,louvresummer,london
28,1097083637688819712,cardamec,april | yr s2 NOW
29,2949907479,asylumccaii,h ğŸ§£â™¥ï¸ğŸ 
30,1470093008045371393,ghostlyscene__,ã€°
31,1494620054209581060,longpondstudio,Ùfolklore â¥
32,1513316111697293316,trechostaylorsv,trechos taylor's version
33,1449154597977722882,fplchecker,fplcheck
34,1300796837037780992,selsrep,fran
35,2782786320,updateswiftbr,Update Swift Brasil ğŸ§£
36,1467598115104604166,cru2lsummer,ipek | 1989 era
37,1328462347699105792,danxiel13,Daniel
38,1290700019603918854,calliebog_lagi,syd
39,1512397791145963532,thalyonfilm,thaly
40,1460764954538164232,manitimhyunjin,red
41,1163147552277110784,musicnewsfactpl,MNFPL ğŸ’™ğŸ’›
42,1454677671141527555,eveiodrama,hale
43,1485132782342852609,tayrianayuhh,tayrianayuh â™¡
44,1271758732947599360,nikolinaswift,nikolinaËš à¼˜â™¡ â‹†ï½¡Ëš
45,1513627110195314701,sprlngsters,james / nick ğŸ‚ NOTNOKAYAT ALL
46,1111931239290724352,taylorshreya13,Shreya â¤ï¸
47,1277288422281932800,theswiftsociety,The Swift Society
48,1289595755011899393,reputatv,34 DAYS â€ || AS IT WAS!!
49,206794861,polmccarne,pabloğŸ¥¸
50,1476697332985090050,normaispeople,andy
51,1504113110059294726,kitsconnor,eris ğŸ‚ HS SPOILERS
52,3307211053,queenofpunkx,zaddy âœ¨
53,1102178846,y0hmbl,8
54,1452653119020621829,nlckneison,ella ğŸ‚
55,1389232034451689475,wuvingaledlast,cherryğŸ‚watched hs!
56,1159268174786752514,ranboo4bts,Des ?!
57,1306302761970159622,alltooevelyn,evelyn âš¢ï¸
58,4226343603,m_jeffnaldo,ğˆğ§ğ­ğšğ«ğ®ğ¦ğ¢ğ¤ğ°ğšâ˜…â·ğŸ‡·ğŸ‡¼
59,1638712440,guestroomlouis,Guestroom Louisville
60,1485759592386629632,aclausswiftie13,Amanda (Taylor's Version)ğŸ«¶ğŸª©
61,1484404377313972225,cheekynikk,nik ğŸ‚ HEARTSTOPPER SPOILERS
62,168832944,tedemtp,Ted Flanagan
63,1183816599595298816,elincomprendid,Incomprendido ğŸ‡¦ğŸ‡· â™¥ï¸â™¥ï¸â™¥ï¸â™¥ï¸
64,973880930753429504,xmastreefarm13,kelly ğŸ«¶ğŸ»ğŸª© (Taylor's Version)
65,1399468152178757634,jakeutation,Sir JakeY THEE SnakeYğŸ
66,1361119583160172544,mitsklsus,Pig on deck
67,4819763817,swiftcamzz,Luuhâ…
68,1474855555302924309,g4ylorism,ryley âš¢
69,1262423113675018240,reputushion,Tushar
70,1434676936052195335,pvaddtheway,Nckii ğŸ¦„ğŸ¦„
71,908645123050766336,itstimir,TimğŸ
72,1284777094354997248,loverwillow13,Benedickt ğŸ’—ğŸŒ¸
73,1313198336074280960,rubioxflavio,josuÃ© ğŸŒ
74,1265544781142294528,gnffilm,ava alivebur
75,2945982713,oliviarodrigita,Olivia Rodrigo ITALIAğŸ‡®ğŸ‡¹
76,1502554414200258560,tyunsdayblues,âœ˜miaâœ˜//busy
77,1398496206192472065,delicatehours,ğ’ğ¤ğğ©ğ­ğšğğ«ğ¢ğ³ğ³ğ²â¶ğ“…“
78,33439928,brittdales,Brittany
79,1517082904022638592,sambergdaily,daily andy
80,1222998071942045697,thelasstime,lu
81,1398382523588268035,velvetintegurl,Ù°
82,1025772831337078786,hiccvevo,Nannaria swiftae
83,1488872898072920071,loverwhen,hearts
84,1436000344249540614,ai_curio_bot,ai_curio_bot (ADMISSIONS OPEN)(GUIDED DIFFUSION)
85,64267035,charlesdecant,Charles Decant
86,1288185336263254016,loverneison,ez ğŸ‚
87,1452464801712574466,taylesbianswift,reginaâ€™s spam
88,1310691300489007107,gotthemapfromme,Mari (Taylorâ€™s Version)
89,1433715254509416452,livthrowbacks,Olivia Throwbacks
90,1337050662585196545,aiexscardigan,alex à¼‰â‹† â‚Š
91,1469020590623592448,formulahya,hya âœ¨
92,1369640371421085704,tayduanation,ğ—§ğ—”ğ—¬ğ——ğ—¨ğ—” ğ—¡ğ—”ğ—§ğ—œğ—¢ğ—¡ ğŸ§£ğŸ¦‹
93,1442767534604832770,folkcclean,drezinhoğŸ
94,1328261957443596289,fairchildaisy,this is gin ğŸ‚ğŸ
95,1265699855223214080,saintdoz,â™¡âƒ›
96,407143099,paodequeijoneto,menancya â“¢
97,1515319567891169285,fapwhorian,Spencer Now ğŸ§£
98,1166846537873465346,ceci20gs2,Cecilia âœ¨â¤ï¸ğŸ§£
99,3949068855,cyphariana,ï¹Œ
100,1226659925318914049,reputari,lincey is seeing 5sos TOMORROW
101,1465469808489771011,taylorsricoht,Ivy
102,1270148939321352200,lucaswhvre,m
103,1465362164982575111,betterkissrih,BETTER KISS RIH
104,1404490884817854464,mo73736272,.
105,1495550922553888768,get_into_itpt2,fatty poosay
106,1138458175663988738,popbase,Pop Base
107,946585283922939905,grace_roso,grace
108,1457171827080368133,txtaypics,daily txtay âœ˜
109,1493269687278485507,adeleeasy4,Adeleasy3
110,1417011217890217985,swiftstiktok,SWIFTs TikTok ğŸ§£
111,1376699073235914752,ctrlrockweii,edu - dance fever
112,564808113,blesstherain13,Nicole ğŸŒ¼ğŸ«¶ğŸ¼
113,1359496667481968643,taylorisloved13,taylorisloved13
114,591936319,gayreche,cata
115,1371247686402387970,stylesftaylor,beryl
116,1265243952321564676,itaylorchapada,ryan â¤ï¸â€ğŸ”¥
117,1481083477525409792,gaesforgaeul,alv
118,751040227322499072,soitfuckingoes,verğŸª©nica
119,1475391813783412736,wotahproblems,E ğŸ§£ğŸª©
120,1139970839535689728,lapuercaylor,La Tia Puercaylor (Taylorâ€™s version)
121,163384337,michaelcurzi,ğ–’ğ–ğ–ˆğ–ğ–†ğ–Šğ–‘ ğ–ˆğ–šğ–—ğ–Ÿğ–
122,961436978955907072,swiftiestyless,stephanieğŸ¡â™¥ï¸
123,1514982255558492165,lilacphrodite,lilac!
124,1051832043917561856,nuriyadi86,Nuriyadi
125,880188200509222912,julinhafuracaoo,Julia Alvarenga ğŸº
126,307081191,ionafyfe,Iona Fyfe
127,1363111641416523776,saturnfem,moon squire ğŸŒ™
128,19063323,nme,NME
129,1438232704995188743,jomarchpilled,taylor swiftâ€™s gf
130,1512871634478194697,itscezary,cezary (taylorâ€™s version)
131,1163175589228023809,ahlaksahibi,zeynep?
132,1480620914811228163,javiha92,Javi
133,1388814859219968003,itsnotasli,aslÄ±ğŸ§£
134,1321938420042735617,ervemore,polo
135,1504061508170690560,justsawtaylor,i just saw taylor swift
136,1262769562048761857,folk89red,Seven
137,32518238,taylorswiftbr,Taylor Swift Brasil ğŸ§£
138,1410919267629887491,folklorianwolf,dennis | limit era
139,1463482921575190537,swiftieshq13,swifties hqğŸ§£
140,1464994233174142985,aturegeldiyev,Ansar yo momma
141,1380519506494152709,oksanasbullet,oksana's bullet ğŸª¦
142,1021842226962419715,turbococotte,simple bimbo profitant de la sociÃ©tÃ© du pesto
143,1499022390998835207,augustwiine,maya ğŸ‚ !!
144,1547310734,itsnothesameas,â˜¹ï¸
145,1211064295355637760,sapphicardigan,hailey
146,1367223381012062212,ramireyes6,Rami (Taylorâ€™s Version)
147,1451216161249579008,clubdelibros_py,LibrerÃ­a Club de libros
148,1495410728617984001,booksxcafe,ğ€â™¡
149,461688027,worldmusicaward,World Music Awards
150,2175573898,waschbaerfan7,anna xcx ğŸš˜ğŸ’¥ğŸ  (julian stan)
151,1463596600803020801,iharuka_,MissAdeleSingingWoman
152,1212896818524127233,uvwitchbefore,Pop Crave
153,1329047758423150592,traumnoveiie,ivanelly ğŸ¹ğŸ«€
154,1081698467339272192,taylissa13,Lara ğŸ§šâ€â™€ï¸
155,1390634633373659138,hayieyswift,MVzinha â™¥ï¸
156,1283283800324280320,kauthicc,cowboy like kaushik ğŸ«¶ğŸ¼
157,1247772404899704833,livbensonsgf,audra ğŸª©ğŸŒ¿
158,1278793958,jaszade,jmz
159,1162360983479672832,stanjoealwyn,Jatin ğŸ§£
160,1264190433179037696,zeppelinswift13,ğ’•ğ’ğ’ğ’†ğ’“ğ’‚ğ’•ğ’† ğ’Šğ’• âœ¯
161,1443854069748191243,adelefever30,SARA| 66 | 326
162,1479611783233036292,sourlivieo,ğŸ·
163,927528175680344064,reisbarbara_,barbie
164,1182063884888240128,mileshuang0410,ages(Adeleâ€™s version)
165,1355470612853125122,ivysiilicit,"alice â™¡â€™s ken, liz, ale"
166,1387580250498895872,falakcalmdownn,falak ğŸŒ©
167,1262791740337065984,_nakajma,juh
168,949317867001995265,alievmore,aliRed ğŸ§£
169,1062905834248663041,dlankada,Divya(Taylor's version)
170,1469469385391755267,nickmullensgf,kayla
171,1006616363807408129,cinncmngirl,em
172,1287687755338661894,1889outcharted,delicate
173,1243654538524913664,kissevermore,sarah (biggest plant fan)
174,1462072791486939145,trackfiveguy,ryan (taylorâ€™s version)
175,1498448464312778755,gomeszin160,CG160
176,1321717223451492352,mrymymymym,itsMaryam
177,1457040255085776900,luveisintheair,dirtychai.eth
178,1244455425459789825,wildxwired,s a m
179,815617351,tomxs_v,tomi
180,1223648965150687233,keunasexy,irish ğŸ€
181,1361707655409057792,sally_albrightt,Margarita ğŸŒ¼
182,1419362311438016518,reijaeluv,Ù‹
183,1162271510830075905,illicitaffvairs,katjeğŸª©
184,283532741,mancicu,manuelğŸ§£
185,1131539276498460672,taybeautifulll,Allie ğŸ³ï¸â€ğŸŒˆ
186,473393426,wiczipedia,Nina Jankowicz ğŸ‡ºğŸ‡¦ğŸ‡ºğŸ‡¸
187,1128048841,kadirchav,KadirChe ğŸ§£ğŸ¦©
188,204728877,autumnhoaxes,SowmyağŸª©ğŸ§£
189,1247050336918843392,pranavi75868976,Fire347
190,907957920779964416,tayrush,sara ğŸ’–
191,1517464385177985025,covntinthestars,lola met madison ğŸ¤
192,1491220703747653635,notime4rewritz,alexi ğŸ’ŒğŸª©ğŸŒ¹ (he/him)
193,1313225555513278464,shalmixle,tayriana supremacy
194,1509545526768844801,streamingsour,.
195,1338519321652367361,amalaverse,Ù´Ù´Ù´
196,1361300984077504525,tsthemscindstry,adi is a ğŸª©
197,19658826,newscientist,New Scientist
198,2889047289,wildestscreamz,em
199,39171482,jessica_parks,Jessica Parks ğŸ’—ğŸ¦‹ (Taylorâ€™s Version)
200,1308537228663099396,louesargentino,lara lvs agus
201,1392243071186718720,imamirrcrballl,ğŸŒ¸ amy is a ğŸ¤¡ - jigsaw era ğŸ§© | dm to join gc ğŸŒˆ
202,882057386847911936,moyashinical,ã‚‚ã‚„ã—
203,1492150068320821248,bbynic666,nicola
204,1320855557461299201,mylifelessframe,benjamin | moon knight era ğŸŒ™
205,1095854113479421952,onlyforevertony,Tony
206,3232116091,linzlovestaylor,ğ¿ğ’¾ğ“ƒğ’¹ğ“ˆğ’¶ğ“(Taylor's Version) FOREVER & ALWAYS
207,1371115620901781507,theonewildest,prÃ­ncipe do coraÃ§Ã£o partido âœ¯
208,924088631932755968,gmaegannnnn,G
209,399707090,_princessjena,Jena â™•
210,15428397,livescience,Live Science
211,1456580523254599681,haylotheswiftie,Hayley
212,1343047336247709697,burningredthr,Potayto ğŸ§£
213,1423729316236562433,casuallycruelme,Â§uhrabğŸ¦¨
214,1231205647015907329,itsjoseph1n3,JoğŸ’ | sees tate in 23 days
215,1249551734462087169,weirdorynee,YourWorstNightmare
216,1376132357091160069,adefender0405,eÂ²laØ›) D-12ğŸ‰
217,487035580,maryannsbitch_,aryzinha
218,284920800,news18dotcom,News18.com
219,1309555965210091520,miss_daylight13,AnağŸ§£
220,1251507030654779392,hungrypolcaugh,fadh loves chanbaek
221,1271490335827427334,gulpankow,gÃ¼l ÏŸ | zoyalai lovebot.
222,1291404424250712064,westenthu,Western Enthusiast
223,2871661402,retouch_gallery,RÑ”Ñ‚ÏƒÏ…cĞ½ GÎ±â„“â„“Ñ”ÑÑƒ
224,270441856,clavqueen,ali
225,1509830962460254209,nzswifttie,olivia wyatt (taylors version)
226,3366153592,swiftiess8,Taylor Swift Fan
227,2480770812,haluuuram,hyram
228,1084248132312096768,shickpicking,Daniel ğŸ¥¶
229,960963805550268416,finelinelouis29,naomi misses manavi ğŸ¡ğŸ¡
230,172943205,hockeyswift14,Emily ğŸ­
231,1067558360776654848,shutupanakln,BETH ğŸš‡ğŸ§£
232,1455969167685951493,caliousandcruel,jigsaw/juniperâš¡ï¸
233,1195629672744333312,tayspetsch,kadriye
234,1248597156937826304,ttobesofearless,lizu's house loves zim
235,310278533,letithegoat,baby honey
236,1389414152846798849,rowaelinreads,belle | rowanâ€™s daughter ğŸŒ²
237,1432438649464004610,lwthomerry,Boyfriends ?!
238,1701066888,achjolenko,lenka (Taylorâ€™s Version)
239,923495975670366208,halosglitter,glitter âœ¿ 28 days for HSH
240,1367981155631382528,_celebeauty_,Celebs
241,902848156844662788,juliassgem,maha
242,1429126383796584451,lvylegion,Grey ğŸ§£|| PROUD OF SHAMS
243,516643099,ohhhhherewego,ivy
244,1514946669011472393,mqeves,maeve
245,1194720122793017344,meanlore,regina george
246,894175337134817281,kayhanataberk,maraz ata
247,1270407885755998208,alltoowellbabe,daiz ğŸ’Œ
248,1206154987325157376,angusgordon9,Angus Gordon
249,67001515,shanekse85,Shane Kiely
250,1144552092385849344,hwyoudoing,lara
251,1032995151898017792,jichuswift,zy ğŸ€
252,1420206935324852234,tayrianaxo,anna ğŸª©
253,1234252361784340487,jedimasteriman,iman ğŸ¦•
254,1481972014659555328,tayrichbey,ğŸ§£sam ğŸ§£ (Taylor's Version)
255,1433515490106806280,dearblackford,anavi
256,1448675890578157568,afshanishere,Afshaaiq :)
257,1324283848423841797,marcomars__,marco
258,1368516055212175362,evermoxre,anika ğŸ«¶
259,1294687051728781330,tiktokonclock1,Notion Swift (follow limit)
260,1511697077050687495,brishti119,TaylorğŸ§£ on follow limit
261,303412577,stuart11,Stuart ğŸ³ï¸â€ğŸŒˆ
262,1350554470812446722,tswiftfiles,â€¢Toniâ€¢|JFJD|SG3 IS COMING|beware rep stan|
263,1327951332892938242,tommoesma,EsmaÂ³â¶â¹ğŸŒµ
264,1341740512991178762,goldenivymoon,kayley | pippa day ğŸˆ
265,1403231306335633411,harikasinzeyn,ZeynğŸ§£|| harry's house
266,1006161363360628736,bunsenburden,jordi
267,1237232727180505089,wh0re4zaynmalik,chloe ğŸ¦‡ | CLAIMED TRACK 5
268,703321577442693121,poutrry,harry's bubble ğŸ«§ğŸ«¶ğŸ¼
269,2981781562,missinstyles,h.â˜¼
270,1208714406693089280,ribs_bylorde,nele
271,2218827018,inthafineline,gab 57
272,1456332774382907392,haiohabits,â¥ â¥ â¥
273,1491339053899616257,hoonsoufle,ê”›
274,1301181689901846530,secretsfromtay,mayağŸ§£8 DAYS
275,1511840589813276676,alisonoliverbr,Alison Oliver Brasil
276,715012400,whoiskelvo,kelvo maximoff
277,1398516121293135878,tarunsharma0009,Tarunâ¸†â¸‰ğŸ§£âœ¨is waiting for 1989 TV Album
278,2319906134,findmytom,reibe
279,1085548165640663040,chandeiur,candela â™¡
280,1056054432188616704,czescajaerice,czesca.
281,1366371027865899011,mewnbyul,moon
282,1393601495174717440,edensfumes,leen â˜½
283,1355224137690734597,swifferupdates,Taylor Swift UpdatesğŸ§£
284,900441622168702976,mercfolklore,zeynepâ¶Â³ â´â´ğŸª© RACE WEEK
285,1381303848548057093,thechartstats,Chart Stats
286,1010582920744976384,222minutes,222 Minutes
287,108925490,jubi_lance,ube
288,1324457811447828480,cristiaansgg,Ctian ğŸ¦‹
289,1232733394397749248,gainmuttualls,gain mutuals âœ¬
290,550051841,louisstaples,Louis Staples
291,943985835594141696,haggisrry,bettyÂ²â¸ GOT A LOUIS NOTICE ğŸ¡
292,1321362509907984390,raxhsed,raxhğŸ¸HEARTSTOPPERğŸ¿ğŸ’•
293,1453240661956775936,n3ilthebadboy,Kathy
294,1049576010,ultimaddy,Aditya Bharadwaj à®†à®¤à®¿à®¤à¯à®¯à®¾ à®ªà®¾à®°à®¤à¯à®µà®¾à®œà¯ à´†à´¦à´¿à´¤àµà´¯ à´­à´°à´¦àµà´µà´¾à´œàµ
295,1347803925873913856,lezbolore,dyke in mourning
296,1338669938999889921,goddamn_blaze,âœ¨kristyğŸ§šâ€â™€ï¸(taylorâ€™s version)âœ¨
297,1122875594247692293,swiftarmy1989,Mollie. With an IE ğŸ¦‹ğŸ§£(Taylorâ€™s Version)ğŸ¤
298,790668215269466112,joeyswiftietx13,JosephğŸ¦„
299,2396656964,sethaels,Ù
300,1517517315600003074,simpingtay,Taylor Swift toy
301,1108440138172919808,sehnisweet,anji ğŸŒ·â€¢ fanart ğŸŒ±
302,1608958620,officiallymadii,madiâ€™s rainbow connection ğŸŒˆ
303,1062160253217841152,intheweeeds,iggyğŸ§£ RSD taylors version truther
304,941417315106615296,treacheroustine,Ù‹Ù‹kristineâ¸†â¸‰ğŸ€
305,1268825061651185666,banditlikeswift,Rai
306,4906556530,belcroft_,Isabel
307,1495517794305204225,infotayriana,Tayriana Info ğŸ«§ğŸ§£
308,1431030800674349056,testdrives2000,Isa
309,1385263519051001864,thisismetry1n9,Dani ğŸ§£ I'll Burn This House I Mean It era
310,1275878910492921856,13sperryx,pÄ±pÄ±Ä±ğŸŒ¸
311,1516827210040188931,eleanorisred,eleanor (taylor's version)
312,928696169236070400,anniecalvilloc,annie
313,1228322946676031492,jcksangelz,lana Î¨ heartstopper spoilers
314,1285959862321418240,cherryswillows,triğŸ§£âœ¨
315,4371165622,thegardener_val,Val
316,946718324041310208,imtaryee,à¸šà¸µà¹‹à¹€à¸›à¸™à¹à¸¡à¸§(slow)
317,1489142989285130242,amnduh_,amanda â™¡
318,1479146673171570690,illicitroads,alicia (taylor's version) ğŸ§£ MATH IS NOT EASY
319,1407365021672394755,megansrep,meg ğŸ«¶ğŸ¼ğŸª© Liv in 23 days
320,3394230269,buniabuba,bunia ğŸ
321,50084549,salhaj,Dr.Salahideen ALHAJ ğŸ”¶ ğŸ”¸ï¸#SDGs #Data #Gender ğŸ‡ºğŸ‡¦
322,1335165538981486593,riishabbh_,Rishabh ğŸ§£ (Taylor's version)
323,1398553786600378368,rjwchatter,Russell James Williams
324,1217086118568611840,newscientistpod,New Scientist podcasts
325,709730942,senastiltskin,Sena
326,1461626165072859142,shakirafixati0n,f (taylor's version) ğŸ«¶ğŸ½
327,1496410865259749376,herbttrflywngs,ğ“†¤tuana (taylor's version)
328,1422872464972029953,daylightdemiley,Ä°dil (Taylor's Version)
329,1390874471469174784,2amevermore,nicholai
330,2900957225,kardys44,josef rukavic
331,1495694226197291008,fearlessly_lia,liağŸ§£ | taylorâ€™s version
332,3094894641,intaysarms,"love, giada ğŸ’Œ"
333,1493260519792336906,vision_escape,citizen insane
334,1421833241242259458,yawnzznlips,Dani âœ˜
335,1361180615186472960,oraclecoven,luna âš”ğŸ˜˜ğŸ’…
336,756904127729311748,bookandle,à¸£à¸±à¸šà¸«à¸´à¹‰à¸§à¸„à¸´à¹‚à¸™à¸° à¸­à¸™à¸´à¹€à¸¡à¸—(IG:bookandle)
337,785104720675401728,nietadeoso,Nieta de Oso (En shock)
338,18033816,pigsandplans,Pigeons & Planes
339,969702983897419776,lu_abaroa,(Lu)â·Â¹ciana
340,942595052,hayleygeronimo,hayleyğŸ’˜
341,2207647876,iminharrysheart,"love, gioâ¸†â¸‰"
342,1370277169805492235,abir01940,Abir ğŸ§£(Taylor's Version)
343,1254841919701729281,ofertadlivros,Oferta D'Livros SORTEIO NO FIXADO ğŸ“Œ
344,1438652209328234499,casualliecruel,allie ğŸ«§
345,1391158686228238336,brinahoodfandom,Summer ğŸ’Œ Vice President of the alexi fanclub
346,1483460280378339330,nycromanticsx,red âœ¨
347,75459354,theadamreeves,â€œHi Adammm!!!â€ LOVER SECRET SESSIONS - NASHVILLE
348,1338992339495346176,samipokanikan,sami (#1 ys stan)
349,1395279331,that_simone_,Simone Greenwood âœ¨ğŸ“š
350,2428861627,blessedswifty,Taylor Swift Facts
351,68576370,womeninmusicorg,Women In Music
352,1501008147829473299,lesbianswiftie3,Summer ğŸ³ï¸â€ğŸŒˆğŸ³ï¸â€âš§ï¸ğŸ––ğŸ»
353,1354412831035289603,newromantique,auroraâ¸†â¸‰
354,4070091983,stormerthoughts,Em
355,1448894872539205632,tswiftiesthetic,aditi ğŸ¦‹ğŸ¥€
356,1280348057113165827,k4ynslut,LLEVINNÃ‘NNNNÃ‘
357,1050506689181495296,lias_library,liağŸ¤
358,867748513333071872,beyond_vinyl,BEYOND VINYL
359,543286167,philstarstyle,Philstar Lifestyle
360,1405436197011279872,tswiftbirthday,is today Taylor Swiftâ€™s birthday?
361,4610684180,jaymanosaurus,jayâ¤ï¸â€ğŸ”¥
362,4910351614,justcallme_sug,HRH Selene con la E (HM Mina's version)ğŸ’ğŸŒ¸
363,1506856485657055232,only4ashtf,Ù‹ kaye âœ¨
364,15448383,inquirerdotnet,Inquirer
365,30271180,jdtth,Judith
366,1500788202252435461,violet_human,Roshniiiii (Taylor's Kiddo)
367,1349517765753909251,travdrizzy,ğŸ™‡ğŸ½â€â™‚ï¸
368,723742219,acatlover13,aykut
369,1261260709159190534,spotify_swift,Taylor Swift Streaming Data
370,1499981928518193159,poetpuccino,Venus
371,496968875,nuclearfamily,Soft Froscio Malpelo ğŸ‡
372,1554289082,undertalelou,uÉoÉ¾ â„
373,1258867961986678784,doievstheworld,doyeon
374,16714303,mariannedh,Marianne DÃ­az HernÃ¡ndez
375,1300896759560966144,ctommymisser,goldie
376,1463030797,illsingyourname,james
377,1469297709244899336,swiftaiartbot,ğŸ¨ taylor swift ai art
378,1157462789142863872,swiftforcedyad,carolina #TeamBosco
379,703293083719303168,lapainter,Lynn Painter (Taylor's version)
380,3386603284,aquariusdays,rat with feminine urges
381,26791286,thelasagna,mike lasagna
382,1498512896724443138,nottestellatas,kaelyn â›¸ï¸YUZU AT FAOI
383,2449627872,alpha_convert,Joe Cutler
384,2925234778,coolcrushes,Celeb Crushes 95K
385,1391380205315321859,lalisaanvi,saanvi
386,922640406,yourcupoftino,TINO
387,45985962,claster143ts,Ashley Claster â¤ï¸â¤ï¸143 TSâ¤ï¸â¤ï¸
388,1455951499515682818,crumbs_ryeji,ë•¡ë© ğŸ’­
389,6043922,becs,Becs
390,1079498073125150720,drusillablckth,Sofi Herondale
391,1504498369925980164,famed0lls,âœŸ
392,1422122156159225859,ritayka13,rits || TELL ME TO STUDY IF YOU SEE ME ONLINE
393,1324176080,moabrglf,Moa
394,1169192542014828545,n1c0sk,nico
395,1448669831935315969,notyouwei,wei | CHIYONG DAY
396,1321156968464019456,reputankation,Dhanush | ia era
397,17583488,katebrowne7,Kate Browne
398,1277759534254055424,cheesecakesimp,kabhi ari kabhi dante
399,1513252318674059264,hanesswift,Hanes Dale Dador
400,150011568,lenikrsova,Leni KrsovÃ¡ ğŸ®
401,2458527451,svtrgth,|17's sophia| darlğ–§·ing
402,1409776370608074752,taylorr_media,Taylor MediağŸ“™
403,950154150246891520,yourflannelcure,kylee ğŸ‘‘
404,1097616804191494144,magdalenepop,âœ¨
405,1407430596276756482,4adele3,boby-
406,1395293814445776898,j3ss_222,Jess (Taylors Version)
407,3122161818,heyvioletrt,Nova
408,1432797569411952640,chilitownpope,Pope of Chili Town
409,1430835721556926464,thepopquote,iconic quotes
410,1480718138559938560,bscgrimacecoin,GrimaceCoin
411,1380040621453287424,fearlesslyreeba,Reeba (Taylor's Version)
412,1488261015318020099,viv_sciss,vivien_13_(taylorâ€™s version)ğŸ§£
413,1330725452076429312,dianasofiii,Mr.forgettable:)))
414,1298814121110941696,09in13,NydiağŸ§£ğŸ¦‹âœ¨
415,3310656651,maoskyist,Daniel
416,1473634865190817793,notfancy_,`
417,1447787912972570626,pacinosroy,ana corleone
418,69488162,domluszczyszyn,dom at the athletic
419,3028740891,gogomarquezm,Madre Goga
420,329818518,astroslogias,âœ¦âœ© Astrologia. âœ¦âœ©
421,1508119852740980738,evilanelie,albina
422,1488959945152286722,lifeissonotfair,Max Caulfield Stan
423,1188259837823471616,taylorperu13,Taylor Swift PerÃº ğŸ‡µğŸ‡ª
424,766623626,antonellarochad,á´€É´á´›á´É´á´‡ÊŸÊŸá´€
425,1076244466380533760,nothingnewsoty,ju â“­
426,1041346266259550208,carolinaohcomer,c
427,1169388334579240960,iconicbtr,"isa â˜… 88, 120!"
428,66160448,marfilu_,marfilu
429,385065040,silultraviolet,Silvina
430,1400200294110171137,legendisarmani,ğ€ğ«ğ¦ğšğ§ğ¢ğŸ¦‹
431,1407674119483805704,gaytrade18boy,jacob
432,1316926893648711684,karlomsantos,karlo
433,1511527309479903234,_hrypottah_,ğ“’ğ“»ğ“²ğ“¼ğŸŒ¸ğŸŒ·
434,1118591120722804736,tslifestyle13,joshua (10 Minute Version)ğŸ§£ğŸ³ï¸â€ğŸŒˆ
435,1559433541,pragatipotter,Pragati Sharma
436,971122225565839360,mandlo_,ğŸ¤ ğŸŒœM o o n l i g h tğŸŒ›
437,1354239590077325314,laurieslaurence,paige
438,1464861949,sinamonchild,ğŸ¦€
439,1043892971723247616,aaronrkr,aaron koschoff-rapkin
440,1404214104605171716,crabsarcastic,SC ğŸ’œğŸ¦‹ğŸª©
441,2539091210,_successminded_,Success Minded
442,1448540252109475841,bookboyfbot,lexxğŸ¦‹ğŸ“š
443,1478335200828407812,arkoftaylor,Ark (TAYLORâ€™S VERSION)
444,1516071578324418562,yumbldumbledady,Grindeldore deserved better
445,2181473023,118buckley,m
446,1577950344,hiss_swift_hiss,hannahğŸ§£
447,1294442150172733440,arfraids,eduarda
448,2946403471,yyyswift13,ğ—®ğ—¿ğ˜ğ—²ğ—ºğ—¶ğ˜€ ğ—±ğ—² ğ—¹ğ—® ğ—¹ğ˜‚ğ—»ğ—² â˜½
449,1367941260296810503,theswiftmuseum,Taylor Swift Museum
450,1263413425876529152,the1_afterglow,jae
451,1437641275553943557,souvenirlover,Jason || SHROOT DAY
452,1468694326117023744,chokercardigan,shiloh ğŸ€
453,1315588832,hrongaystairs,nico
454,1493035261,mmaconachie,Martyn Maconachie
455,1187839955223109632,rosiepher,domi
456,1478647740754284546,princesskaeya,hei (60/180)
457,1346726618178359296,1997girlie,-
458,959874286185041926,sweet_taylor777,ğŸ’™ Africa Mia ğŸ’›
459,1077715447561240576,weluv2cit,ME!ssy
460,1386892715850305539,romaricharlz13,Romari (Taylor's Version)
461,1513839602036998145,goldwingthanos,thanÃ¸s
462,4540435953,thespaceymama,C O U R T N E Y
463,1300905089113227264,catholicguilter,uncle june
464,110536501,therealkatina,30 year old teenaged girlğŸ­
465,1457013272323010562,writerwr0ng,SmokinCelebs
466,1152908468740714496,taylordespa,bian
467,3214812364,tayxpink,bru
468,549788597,tswiftnz,Taylor Swift News ğŸ§£
469,3071638375,fiftyseeven,merğŸ’›
470,1373237343289761794,simp4red,lucia 91 Ù­ MoM
471,1372026370520461314,ivydynasty13,jay jay ğŸ¥€
472,382930237,manubeker_music,Manu Beker
473,1359107678316814337,adityafolklore,Aditya PatilğŸ§£ğŸ’™
474,1393389079211827202,lnt0thenight,eli ğŸ§£ he/they
475,1206710502,tony_baez18,TONY
476,1265336305640062977,clandestinehoax,olivia ?Â¿
477,1452577268753076231,thomaru__,thoma â
478,1334993190701715457,blinkholliemake,snow (Taylor's version) âœ¨ğŸ¤â„ï¸
479,2768605479,e_pobis,ellie
480,1145561279299387393,folktay13,Ashtay(study era)
481,1426407184577880066,whoreforblondie,a! (taylors version)
482,2633054283,fferociously,poli
483,1328652763132166144,chaesoohyuns,ì±„ì¹˜í‚´ - #monikabrainrot ğŸ“
484,74761481,yorkvision,York Vision
485,1154031198089482241,girldrawsghosts,Miss Gender
486,1726821876,emdepad,Emily De Padua ğŸ“ŠğŸ’»
487,1437122957323743232,suburbsliv,madison 4
488,927851967673786374,salzundtequila,jara ğŸŒš
489,1302128047252860928,sinteyabear,Ally \(â€¢â—¡â€¢)/â€¢â—¡â€¢\
490,3026906679,witchhearted,primadonna girl @ volo lovemail ğŸ’›ğŸ‘†ğŸ§¢ğŸ’˜
491,1431247512296255488,blondiessi,khira (taylor's version)
492,1517494872889987072,dandeliyaa,iya
493,86195787,ivonehall2,ivonehall2
494,20667428,katyashipster,Katya Shipster
495,738562730,fearlesskait,kaitlyn
496,1304577504460656646,razinhax,ray
497,1388162874875551747,dieguito1989gt,Diego (Taylorâ€™s Version) ğŸ§£
498,1453539225228300288,pjslift,trisha.
499,1283073459392614406,xastherielle,Suiren â£ï¸
500,1339227763186679808,jadeliizbeth,Jade Elizabeth
501,1394885469716946949,sixofbees,sim/celeste
502,548203595,tz20222022,BBTzu
503,990411520625475584,anamyaki,anam Ø£Ù†ÙØ¹Ù…
504,1471413423380385793,lisaola_king,LISAOLA.GOT.BP.CB.TEASER? â˜»ğŸ’“ğŸ–¤
505,1226782321229123585,spotifymsiadata,Spotify Malaysia Chart Data ğŸ‡²ğŸ‡¾
506,9695312,billboard,billboard
507,484732863,allwalshedout,eliza (tv) ğŸ’™ğŸ’™ğŸŒŸ
508,1100257737403842560,mnlstreamers,SHISEN Shelo Cokki GabTine
509,1358307840666968064,cuntiore,freya | poop brown sock defender
510,1496221216188813318,sofiamartinz56,Grammys 2023
511,1503099628614475776,taylorftpheobe,aj! (taylor's version)
512,1104161643058089984,whoisdanianyway,daniela! â˜»
513,3296772943,ciro_cavs18,ğŸ‡®ğŸ‡¹ğŸ§£
514,1271233943568703490,yeehawlikeme,sahoğŸ«¶ğŸ»ğŸª© SAW MAISIE
515,1314032166247043075,weepie76,Weepie
516,1034867113951940608,annieswifts,annie//lost in the memory
517,1329612194271563776,xtreme75,Dis side ğŸ’«ğŸ’«
518,1507077938252029957,fmradiooooooo,fm radio pt.3 ğŸª²
519,1505229088121831429,comfortsv,Ö´Ö¶Ö¸
520,1175582301511569408,psychejn,JENO BIRTH ğŸ‰
521,1263793493635289091,swifolkfolk,cesğŸŒ™
522,1403050745633595399,madnesscountry,FuatinWonderland ğŸŒ»ğŸŒˆ
523,1516562301591166984,barenziah11,BarenziahğŸ’™ğŸ’›ğŸŒ»
524,270559128,laureninla10,Lauren ğŸ§£
525,1380559530338177031,royalwille,ella ğŸ‚
526,504654033,mrhowardmath,Mr. Howard
527,1411353428408868869,ladyshameika,Henry MaÃ§Ã£
528,219145097,davidcav21,David Cavazos
529,514948831,e65gwenstacy,queerbait scholar||spnnjğŸ’™ğŸ’œğŸ’—
530,1309670199881338882,jemilyquinn,lav ğŸ“
531,940128649235148800,aixoraa,ixora (Taylorâ€™s version)
532,3309692760,rinoma_hnamte,krin
533,250875437,lalotridi,dear lalotridi ğŸ’œ
534,1212944456933990400,loverreptaylor,aiden ğŸª©ğŸ«¶ğŸ»
535,404439512,oprahsnephew,zach baby gorgeous
536,1436097162417348608,rajaraja132,rj/plsa
537,1367216314545152000,eddiebeglns,kaelyn
538,1382894603536240643,mi_ya__317,ã¿ã‚„ğŸ§€
539,424299528,taylorswiftchar,Taylor Swift Charts
540,1435821764152422402,shio21style,shio
541,3035225852,shookswiftie,emma (future nostalgia tour version)
542,1459645665240305676,guipontocom,Guiney ğŸ’
543,1287180164942700544,whoisjade__,jadeâ€™s house
544,792342470,edwardmwillis,Edward Willis
545,1022034709143068673,iuvst4r,èŠ·ÊšÏŠÉ rach
546,1245640428147228672,lwtlovesme,bloom !
547,910205754128334849,damndaneiel,Bamboo Dancer
548,1261549735413981187,sofia_2234,Sofia ğŸ’¯ lvs la mejor Stand de Magnus Lacrontte
549,1494759652759769092,rbabs_art,R.Babs
550,1160552478179565568,youpiayguitar,taylor â™¡
551,106114624,tvgroove,tvgroove æµ·å¤–ã‚»ãƒ¬ãƒ–ï¼ã‚¨ãƒ³ã‚¿ãƒ¡ï¼ãƒ•ã‚¡ãƒƒã‚·ãƒ§ãƒ³News
552,3355451547,peakybastard,octavia (peaky spoilers)
553,1481263737675857921,flewaurs,yÎ±àª½ | ğŸ“–:: prisioneiros de azkaban
554,96277111,theyungintern,Cree â˜€ï¸
555,1350411648717246464,motiondickness,m
556,1261758714945474561,soexhaustedgawd,s
557,159955685,igotdefeverman,Landon ğŸ’«
558,1211758050031259648,meveryeat,Meyb Drama Queen
559,1508107627867299853,need2knowbasls,justin
560,1435564505195376645,par_aaag,Parag
561,166724139,nicolelynwrites,Nicole Poulsen ğŸŒ»ğŸ“š haitus sort-of
562,312194229,minisversion,mini (taylor's version)
563,2810205510,ed_jmzg,â—­ ğ”ğ”¬ğ”°ğ”¢ â—®
564,1504212070270750724,tjmewontfly,scar ğŸ§£
565,1175839545063084032,loonafiesta,clarinha
566,1415183808643600391,artetaylor,.
567,1464059522956341253,thoughtlarries,Larrie Thoughts
568,2535846470,eaxlr,Ernesto Aguilar
569,1392246283579105281,thelavenderpod,The Lavender Menace Podcast
570,1479197541468192771,danishweetheart,isa
571,1461450751939645440,snippets_lyrics,todo dia a letra de uma mÃºsica
572,81255731,mileystarky,LÃ¡ ğŸ‰
573,904733115175673860,comicbookland10,Comicbookland
574,1390520688700649476,mylovver_,benni
575,1068867586606002176,themanicpixieg1,Avery (Taylor's Version) ğŸ§£ğŸ§£ğŸ§£
576,844727483396165632,gojosdaya,gabby â¤ï¸
577,1364335651374718976,impsique,"ğ—£ğ˜€ğ—¶ğ—¾ğ˜‚ğ—²Ì‚, o menino do slide."
578,1241486976647180288,jesuspozos17,Avicii Forever ğŸ§£ğŸ’¡ğŸ’š
579,1111069797695971328,sexyhag,knife girlğŸ”ªğŸ•·
580,22018221,thatericalper,Eric Alper ğŸ§
581,1361844263315644437,suhnatomy,i
582,2585228162,glennmccnz,Glenn McConnell
583,1489071330070654977,lesbiandolma,megzğŸ¦•
584,1446509521,hiimiilce,Himilceâœ¨Clio
585,1215794586033041409,ciwywtoo,kauÃ£ Â¹Â³
586,1369928683188744193,sushi_hehe,sudhi ğŸ§£ ğŸ’— â˜ï¸
587,1419008843267276805,xszvs,Chuy
588,1208441377,swiftracer13,Samantha
589,1462810119972995083,jameswithi,CÃ¦sar
590,1304971045112287232,venificas,Madsâ€™ upper lip
591,1297565526248521729,elsapitofelis,ğŸ¸
592,3323334205,marcuscullen13,Marcus (Taylor's Version)
593,1177199050933690368,calli__16,CğŸ’ğŸ‚
594,79837883,lisamosbrucker,Lisa
595,2873793616,vincebrent4,Vince Brent
596,896806632419725312,selectivesnake,thomas ğŸ
597,132023566,murphydowd,Murphy
598,1392564211180527617,ronieuh,miss daytona
599,31529249,taylorswiftcr,Taylor Swift Costa Rica ğŸ‡¨ğŸ‡·
600,1169483106664898561,williambowry12,TayRiana â˜ï¸
601,820060832549707777,imselfishiknow_,Jennifer â™¡ ğŸ”— âœ¾
602,1466810714509688838,valensousa13,valentinağŸ§‹
603,1311831756526489601,iheartgobby,pepijntje ğŸ´â€â˜ ï¸
604,1333408879351312387,makingmewantu,abigail ğŸ›¼ğŸ«§
605,748705429547393024,maybegray,ğ˜§ğ˜¦ğ˜­ğ˜¶ğ˜³ğ˜ªğ˜¢ğ˜¯
606,1122994394188009474,coolchix6,CoolchixNZ
607,1455910661511278599,damnroseanne,elphie ğŸ¦‡ğŸ•·ğŸˆâ€â¬›
608,933024295919476737,justwaitingred,SÄ±laâ·ğŸ§£(Taylor's version)
609,1469835861411999748,ivyslayouts____,ivy | emo
610,1300962862454710272,geminiousness,sonia.
611,881309245,folknred,luisa
612,1517209838895386626,bookswithcass,cassie | booktwt
613,1248855300175810560,comicalvillain,ash ğŸ‚ HS SPOILERS
614,1205831272775475201,bougerella,bitchcoin ğŸ’¥
615,2209167367,andresaurus,andrea ackerman
616,1017870826094329856,drewtechh,Drew â€œDrew Utechâ€ Utech
617,1251347751683620869,giuliwm,giulia
618,1351003199273136134,august_mu13,August
619,1322219986761453569,tayshady11,â­ï¸â­ï¸â­ï¸â­ï¸
620,1499541652536446978,mevsdiary,gyu âœ˜
621,1039251046953050112,ashleyclaster,Ashley Claster
622,1410807166471229442,aprilrosiekay,miss canada bitch ğŸ‡¨ğŸ‡¦
623,1261828918555770880,evermorebitch_,ğ˜ƒğ—®ğ—¿ğ—°ğ—¹ğ—®ğ˜† ğŸ§£(ğ—§ğ—®ğ˜†ğ—¹ğ—¼ğ—¿'ğ˜€ ğ—©ğ—²ğ—¿ğ˜€ğ—¶ğ—¼ğ—»)
624,1270787265212579843,iamanngiu,AnngiuğŸ“–Caraval dnv
625,1056551161,hannnahkristine,hannah
626,1458776199287738368,cataaaa_28,cata ğŸŒ» -louis mÃ©dico
627,846126950007652352,krahzo,OuT Krahzo
628,1244639433804185600,istwaarmamarita,iana
629,38400130,channelnewsasia,CNA
630,2347860462,blakeleigh,Blakeleigh
631,3121468998,_connor75,Connor75
632,1489398146228797440,sanbyeoncosmos,Contos de Sanbyeon.ğŸŒª
633,1486134616113266689,mlupton13,Michael Lupton
634,1022170111518695425,corneliast_13,mads ğŸ§šâ€â™€ï¸ (taylor's version)
635,1517305122421891074,captiontaylorsv,captions taylor's version
636,335701539,lesliejaffie,x - Leslie
637,1492721123661918211,gaylorstylinson,elias ğŸ³ï¸â€ğŸŒˆğŸ³ï¸â€âš§ï¸ | no stunts larrie/gaylor | ğŸ
638,1083458099887947776,hhoney_twt,ğŸ‡¨ğŸ‡º
639,2351747965,shelficle,#1 small dog stan
640,1197672706440880133,kimkare4,kaliğŸ’™
641,4861587701,mon15757807,Yuuri conquistador del mundo (Taylor's version)
642,1168323874481721344,a90strend,bella
643,173199373,swiftnyc,Taylor Swift Updates
644,1422270952721862659,rub3mo,dana !! AU PINNED
645,258970544,marklazerus,Mark Lazerus
646,1389710458437914624,jeandba123,Jean Capitalista ministro ğŸ‡µğŸ‡ªğŸ§£(Taylor's version)
647,2806157052,mialovestowrite,Bhumi Goyal ( TV ğŸ§£) ğŸ’™ğŸ’›ğŸ¢
648,70232633,klwilliams__,karina williams ğŸ«¶ğŸ»
649,1190843014001909760,remslvst,Ã©ğŸ”®ğŸª
650,1215866691688767488,mcplss,nico ğŸ¦‡ #1 patroclus stan
651,1322474155,gmfangirlaccnt,GELS ğŸŒ¸
652,1472121385367793665,clairytee,íˆ¬ëª… clarity
653,1488314937575292929,daniluvies,dani
654,720382258100748288,420grubs,hawke ğŸª²
655,1321127064813129731,kanejlights,heloise
656,1504310050776571905,koresafroditis,Daughters of Aphrodite
657,1384722781208825856,salmanswiftt,sal
658,1102150916281532417,jenymilkeu,ju
659,1329801424813789184,shreybansal19,Shrey (Taylor's version)
660,1515829245234327554,celebpics15,Celeb Pics
661,357366216,itsbraydenmack,BRAYDEN
662,252817026,ksd_18,water and a trash bag
663,1264163328445820928,erinpullmann,Erin Pullmann
664,2949412370,sequinsmile40,Yael (Taylor's Version)
665,2977504461,derivadaz,sama
666,4140167592,emileeannf,emilee
667,1494735289331466242,0niineiove,kris!! ğŸŒ¹ 4/20
668,1462571040681472001,nicolas36920,Nico (Taylor's VersionğŸ’™)
669,1502058576126386176,gazirbot,cami ğŸ¤
670,632674407,clauuallende,Clau ğŸŒ™
671,1287853824175153154,keylimetay,kate (folklorian)
672,63762887,ruthfloresca,Ruth Floresca
673,1514960600648269827,lronhydroxide,Hydroxide
674,1067924006907596800,booksatnoon,books at noon ğŸ“Œ sorteios
675,133428012,bruxadaluatarot,ig @bruxadaluatarot ğŸ§™ğŸ»â€â™€ï¸
676,791019786645843968,andyissdead,Andy
677,1363504141818036231,votefortaylor31,Vote For Taylor
678,1423285094341517328,booksjx,ğ¥ğ®ğš. ğŸ‚ HEARTSTOPPER DAY!!
679,1110907138115862532,camiloquintanav,Camilo Quintana
680,1625954826,fffernanda_,fernanda ğŸ¦‹
681,381279932,janelyshutup,high taste ğŸ¥¤ğŸƒğŸ’…ğŸ¼â˜€ï¸
682,1119626377,everybody_sings,Robs â„ï¸ğŸ§£
683,948235725690015755,lostonbesson,Ana lvs wdw
684,1257974866839515136,everm0reswift,myr ğŸª©
685,802588956550451200,gosipgoat,crab cake
686,821920310005858304,gldrushrry,anna ğŸ’Œ is home !
687,1513373517232091137,daylightsunoo,augustine
688,834927504968278016,popdatamusic,Pop Data
689,1406689521513680906,divebareastside,mir&marğŸ§£GOING TO SEE LORDE | follow @bookclub_ts
690,1249491830720192512,swiftieparcero,Sergio â€¢ ğŸ‡¨ğŸ‡´
691,999326389504389121,campgroundxyz,campground
692,562928828,charleslipa,charles
693,1500550111017025536,goldnormarush,~
694,121199913,peril_in_pink,Gina
695,1516898549748973571,typercabeth,moon ğŸ“š: pjoâ´
696,1423412659253256194,melissaenchant,Melissa Enchanted
697,1465108075363274753,quackfairy,Zoe/Luke/Karl â˜ªï¸ NewğŸ“Œê©œ
698,1385861262,drjulie_b,Dr Julie Blommaert
699,1310275795508756481,falsettowrites,chrissy â‚ sftws ğŸ“Œ
700,988613185321058304,laurasefue92,âœ¨BuchoncÃ©âœ¨
701,1432463818878291979,quotingsabs,Sabrina Carpenter Quotes
702,1229870551616950278,yordy_rosso,Yordy Rosso
703,920361603614363648,exilehive,Mo ğŸ‡µğŸ‡¸ (Taylorâ€™s Version)
704,1398690180874260483,daydreamlwts,syd! prompt 396 (1.2k)
705,989337661734187008,indahsiswanto13,Knuckles bloody
706,1305214979034025986,milialves9,Milena
707,1374616076479238145,ephemeral_ashes,ash | harmony era ğŸ’«
708,1508943401131073539,taylana_thinker,trechos taylana
709,819394796137676800,filmederobo,ray
710,1498431248481636352,itswonggui,Gui.
711,1303048520857944064,bbygnf,sofia ğŸ‚
712,1740959911,lilykincade,Lily Kincade
713,2926584227,tadepanda,fotocopias
714,1372402546090852356,cqlloways,ange ÊšÉ
715,1401405707442810886,repzouiss,ru â—ŸÌ½â—Ì½
716,1496358323578281984,cafflenatedcals,BRANDIE !! (nsfr)
717,1074086870798213121,aprodigiosus,AP Strange
718,1508851012282593281,beistrying,ğŸ“šBe's owner is Roronoa Zoro
719,1517296071285690368,hshousey,â€Ù‹soph à§à­­
720,1700144946,calopistola,Calopsita
721,1513442134493442048,armyamaheryerde,22/06/22 Ä°cin YasÄ±yorum ğŸ«°ğŸ»
722,38817180,alixhigby,Alix Higby
723,1334130793707315200,starryeyedgi,gianne ğŸ‚
724,1654741838,stephabues,stephanie
725,1227844672745279488,rdlpaiz,Dani âœ¿
726,1229194960617996290,taurusswifts,adam
727,1364024469082177539,ihrtkit,rynn ?! ğŸ‚ TODAY
728,1480396848087060482,idolizethellght,graceğŸª©
729,1310058283055681536,shopbunhugs,bunhugs!
730,2845591736,mariamillage,Maria Millage
731,1168299253338427392,cowboyinwoods13,miguel I brutal stan ğŸš™
732,1213713276611092480,goldluke_,kat åŒ â€¢ ğŸ“– hpâµ
733,86160057,mallorydobry,Mallory Dobry
734,1250325045211041792,aleverduzcooo,Alexandra
735,1380225578729619459,justmemf__,fleur
736,1406252868974223363,amonlover7,TS10 is never existed
737,2894038645,fearlesssince09,briana ğŸ§£â¤ï¸
738,913159744675827712,fcstar1212,francisğŸ’«
739,1510330932577947661,sepularmes,L
740,14251225,jheil,John Heilemann
741,592730371,jackposobiec,Jack Posobiec â˜¦ï¸
742,987468866044530688,swiftiesister13,Rachel â¤ï¸ğŸ§£
743,145285945,kodysolarte,Henner AndrÃ©s Solarte
744,1359242379291688963,taylorstoebeans,em (taylorâ€™s version) ğŸ¤ğŸ‡
745,589598350,greatscottathin,Scottathin
746,1486596278,abbystanfordx,abbysunğŸª©
747,2985383087,jannycandelas,ğ‰ğšğ§ğ§ğ²ğŸ‡²ğŸ‡½ğŸ§£ TEEN WOLF IS BACK
748,1356595082472943616,bazschosenone,lils ğŸ‚ HEARTSTOPPER DAY
749,1460426053369794560,francesisstyle,ğ’»ğ“‡ğ’¶ğ“ƒğ’¸ğ‘’ğ“ˆ ğŸª©
750,1467121093949415427,snfanti,bea ğŸ¯
751,1344518424106590209,dolldownthehall,Doll Down The Hall ğŸ‡¨ğŸ‡¦
752,1300669943223128064,brinarchive,sabrina carpenter archive
753,2583025376,paintedmegclden,rosie
754,1361355240,momotozakis,ğŸ¤–â™¡ğŸ‘
755,1331953881824309249,alltoowelldior,Lindsey MarieğŸª·
756,333622551,yungarirunpop,Megan Thee Parker
757,1158157510962012163,punchyfakegamer,cringemaster supreme
758,1358506492018720770,bnnpjhp,bonnie | ğŸ“–
759,1462399034354802690,loveontouruk,Love On Tour 2022
760,1203077302873141249,tsvxtra,Taylor Swift Vibes
761,1013523932043993093,valerianoeu,Little Valeriano ğŸ‚
762,1306570664640356356,mikstitches,mikstitches
763,706555441547911168,luluuuuuiza,CadÃº Maverick
764,1505814174923776003,gye__ran,miss egg
765,1269075688209907713,miinangels,ğ’ğ’Šğ’ğ’‚ğ’“ğ’Š ME AJUDA COM VERSOS DA TAYLOR NO FIX
766,1170022476,brittscapes,brittier jesus â˜€ï¸
767,1122122187509420032,alittlegauche13,Steve
768,1458267286096203777,folklush29,folklush
769,940663177636974592,ayarbisalama,do3sso9a
770,3333355947,cotimoran,co
771,713448839466905600,stupiddemigod,marti luvs benedict b. ğŸ¨â¤ï¸
772,935285397487345664,luis_isassi_,isassi ğŸ§£
773,1512278209185959936,raeandthesports,Rachel
774,43249569,deelizabeth_,De Elizabeth
775,418316676,burneddowndisco,brenâ€™s in a forever winterğŸ«¶ğŸ»
776,1283612047759081472,caimsey,carly ! !
777,53252634,emmycamiel,EmilyğŸ’š
778,1419996585170251779,anisocorie,FLO
779,1210365748692037633,dsmplovelys,ender ğŸ‚ğŸ„|| aimstwt ğŸ“Œ || HEARTSTOPPER DAY
780,362083495,theaddymiller,addy miller
781,1501929081587351554,folkstopper,mars ğŸ‚ 1
782,318793980,retweetablen14,ScaredOfTheDark(net) ğŸ‡ºğŸ‡¦
783,1392858168502497287,detaiisirwin,ashton details
784,1062281096,ryanmichie_,ryan michie
785,1503372037640929290,louiesportal,Louis Tomlinson Portal
786,1516951066369306624,sonzawonder,titto
787,113192968,camerrlia,cami ì¹´ë¯¸
788,452466239,waseemaxx,ğŸŒšğŸŒ
789,1472250848382271489,taylorclipes,taylor swift videos
790,3413904616,erinliindsey,âœ§ï½¥ï¾Ÿ: *âœ§ï½¥ï¾Ÿ:*eroon*:ï½¥ï¾Ÿâœ§*:ï½¥ï¾Ÿâœ§
791,1487877394547580928,bull1_katinka,Katinka Bull
792,896421806541725696,wanderfull_11,Wanderfull_11ğŸ´
793,2803137139,djfoxx_,CAMINHAO DE TUMULTO
794,1094059378620022785,riaswift97,ğš–ğšŠğš›ğš’ğšŠğŸ«¶ğŸ» (Acads Era) 1989 TV
795,1426351871510339586,bellwcci,nick
796,902774228751196160,alltoowellexile,taylor super bowl 2023
797,1418954394247340045,umlindsay,lindsay
798,135191418,pallavigunalan,i can be your long lost pal
799,726513127244849152,barbperezy,BÃ¡rbara (taylorâ€™s version)
800,1312852327972442113,parkinglots133,imma ğŸ’–
801,895647274415648768,kelbratz,Salemnur
802,1496986559085789187,tommothreads,Tommo Threads
803,856318114077782016,infopublicave,Servicio de InformaciÃ³n PÃºblica
804,1477344076143943682,kiwisreads,kate âœ¿
805,1448828854370553858,tayrianalover,matthew
806,1495165604361383938,alanbyr58325219,Bigalscelebs3
807,1393572222493659142,mikescomfort,â€Ù‹
808,1051130774525812738,wadsrose,duda ğŸ‚
809,959708089342676992,grand_handsomer,Frebmont Seneca
810,1380733456011948042,lukescomfort,ğŸ’­
811,1318776417472184330,tita_s28,TitaÂ²â¸||
812,3050663625,milanga_l,La niÃ±a trenzas de chorizo
813,580297940,trillmoregirls,nadine for you
814,1116950701039595521,popzonebr,PopZone
815,2323436385,dreamerbboy,ğ™™ğ™–ğ™£ğ™ğ™¡ğ™¤
816,1513181655133048837,itslivdarling,Olivia Rose Darling
817,872915593891946496,draharleen,HarleenğŸ’›
818,359882932,zoyashvikh,zoya
819,900885483932090368,allanthedogfilm,Allan The Dog Movie
820,429194697,jelliclecal,dreamingcal â¤ğŸ’œ
821,1405910786258575361,bts7uarmyagustd,ourğ•“ğ•¥ğ•¤â· |2022.06.10| âŸ­âŸ¬{ğŸ’}
822,1494097628153405443,saintyannis,YANDHI YANNISâ›§
823,1399320388732080130,mermilfs,Fayeâ¤ï¸ killing eve moots pls xxx
824,1465312318598914055,stephanierect17,stephanie rector
825,1499785501171240961,_ezarel,bella
826,55905783,stuartgregoryw6,Stuart
827,32377418,aaronwilcock91,Aaron Wilcock
828,1090067039882887168,femaleuncle,the jesus and mary char
829,1503417181987561475,teeswizle,jack (taylorâ€™s version) ğŸ–¤ // ifb
830,1459992964969766913,myspideyswift,elle
831,1483194050916331521,shouldvesaid_jo,jo :)
832,830901747266654208,rainsblog,IM???? THAT GLITCH?
833,3167072248,fuck_oklahoma,ParkerğŸ‚
834,1366126119695622150,tswiftlight13,Hevi ğŸ§£ğŸª©| Taylor's Version
835,962461111911055360,louiiseswiftie,êª¶êª®êªŠâ…ˆàª¡ê«€ ğŸª©
836,1486120017502556161,safeforjaylor,comfort for taylor and joe stans ğŸ’­
837,1143545355390332928,kaenedru,Pedro
838,1494894384596324353,everainbowcats,EveğŸ„||LATE NIGHT TALKING
839,1307247530602688513,luvkitashinsuke,coffeebissğŸ‰semi ia
840,1200904623781007366,madelynamess,madelynamess
841,350424184,paperwash,paperwashÂ©
842,1513264103699083267,tsxart,art x taylor swift lyrics
843,1038554466478436354,cijay_jp,Cijay
844,1372380421418147843,lesboofemrad,violet âš¢
845,1069205700,brenoholandalem,ÃŸĞ³Ñ”Õ²Ñ³Ñ³
846,1211309101382160384,the_era2,Sarahâ€™s House
847,981614229429026817,arslngizm,Gizem Arslan
848,1177329927722557445,swiftpoetryy,luiza
849,1385392027026690048,abbyisclowning,Abby (Taylorâ€™s Version)
850,999876162590404608,sergitonta,marÃ­a
851,192393679,dwayneb13,Dwayne Brown
852,1513198590847557637,turningunwell,matt
853,1365741805241794564,1mouseratfan,alyssa â˜€ï¸ï¸
854,565500238,sexveraa,mon (Tavernelloâ€™s Version)
855,1347659732618678272,coolranboofacts,Ranboo Facts
856,1205577821357301761,vdayanamoraless,D
857,985246021746737152,nat_lockett,Nat Lockett
858,1482872195743457282,estefania_ap22,EstefanÃ­a
859,1494525114314076161,miamadri1,Miamadri
860,1393400039423291394,cristhiand0lfer,cristhian dolfer ğŸ§£
861,1424820629400924168,bl000000p,Mention It All
862,1405086308528185345,projectnewm,projectNEWM.io
863,1512426627908706304,trow008,TRow
864,1214618203177046016,chromaticaopsx,beppeâ¸†â¸‰ ğŸ¦‹ancazione di Taylor era
865,1499916995856326663,grimace_coin,GrimaceGuy
866,718993061263622144,tudoiawards,PrÃªmio Tudo Information
867,965198048,treexfingers,treeXfingers
868,1196602641679294464,desireegtz_,â™¡Desireeâ™¡
869,748900502931378177,marrr2604,Sara Rodriguez
870,1450446972,rasputinboneym,miağŸ«’
871,1286362206045704192,tullulahshark,CTS | ke ends at 38 mins | ofmd
872,1277967369541844998,herhaldegokce,GÃ¶kÃ§e akademi era
873,3139049183,chaddw14,Chadd Williamson
874,1494034783,dikencomtr,Diken
875,1446470352209653763,breakspamvre,letâ˜•
876,1134648026985897985,escutai,escutai
877,2948240985,david8alex,DavidğŸ¹
878,1229162108836773889,christianamillr,christiana âœ
879,1470084865597001735,robbievefatetti,robbie
880,1275147127539236876,tayl0ck,isla ğŸ´â€â˜ ï¸ğŸ‚TODAY!!
881,3454422853,hushmirrorball,ğŸª© eME!rald (taylor's version)ğŸª©
882,41410903,doremifah,Rafaela (doremifah) ğŸª©
883,1398121319582085123,griseldadaily_,Griselda Daily
884,1366448242825781251,todorykce,kiara
885,778998158978416640,alltsoowell,isa
886,40751765,andreaxcb,Andrea Paz ğŸ’œğŸ’š- BURN THEM ALL ğŸ”¥ ğŸ”¥ ğŸ”¥
887,1415623257831661572,egostaviasg,egostavia
888,154145174,tanzinavega,Tanzina Vega
889,18937505,officialcharts,Official Charts
890,276575259,misselyssa92,elyssa âœ¨âœ¨
891,499440663,notmaryshea,Gabe Itch
892,1513109414198358017,riohriofficiel,Riohri
893,49763470,philnobilejr,Phil Nobile Jr.
894,1260242655318904832,finallyclean278,KarinağŸ§£
895,1120469297648762885,motivatefenty,â˜…
896,1485637991234162688,ranboosversion,meghan !
897,1254255877177122817,imagineyuri,YURI | Ê™á´É´á´‡sğŸ¦´
898,178570766,swiftiereads,marğŸ’
899,1083840723634569221,caiocardooso,callo cardoso
900,520050248,nattligfrosk,Pipi
901,3354342724,drdavecoyle,Dr. David Coyle
902,779748089938583552,_daya_25,day day
903,1516948493490921474,horxnverse,bia
904,1451931357945421828,slexietv,willow âœ¿
905,1303349566205558784,rexwishsober,vic â™¥ï¸
906,1085313502057762816,johana_ch03,johana ğŸ¦‹
907,1480243331657519109,afterglowdaisy,kat â¸†â¸‰ is looking for booktwt moots ğŸª©ğŸ«¶ğŸ»
908,1412133641245933570,katsfaith13,Folklorian Kat ğŸˆğŸŒ»ğŸ‚(fan account)
909,1357119091040014336,babewithnathan,nathan SOUR TOUR TORONTO ğŸ¥° ğŸ¥º ğŸ’•
910,1463955534952939529,selamtuesday,Selu tigraweyt
911,1479717001635385344,tayishome,ï½¢Gï½£
912,1407585409136095235,tonycracki,ğºğ‘œğ‘‘ ğ‘†ğ‘ğ‘œğ‘Ÿğ‘ğ‘–ğ‘œğ‘›ğ‘ 
913,4356045317,gldrusxhred,"bruna block de seguir, sdv dps"
914,3660987916,linaksz,lindağŸ«¶ 8 days
915,1314664459462422531,gilmoreswift13,hannah misses conan ğŸª©
